continent,avglifeExp,avgGDP,avgPop
Africa,48.86533012820513,2193.7545782857374,9916003.142628206
Americas,64.65873666666667,7136.11035559,24504794.996666666
Asia,60.06490323232323,7902.15042805404,77038721.97222222
Europe,71.90368611111111,14469.475533302222,17169764.733333334
Oceania,74.32620833333333,18621.609223333333,8874672.333333334
